left,right,failure_neither,failure_left,failure_right,failure_both,interaction_lift,joint_samples
consolidation,retrieval,0.2153,0.207,0.3369,1.0,0.6714,264
write,consolidation,0.1758,0.6524,0.4206,0.8506,-0.0467,87
write,retrieval,0.1752,0.6529,0.4764,0.7238,-0.2302,239
consolidation,reasoning,0.1435,0.4129,0.9499,0.9868,-0.2325,76
consolidation,tool,0.1444,0.4155,1.0,1.0,-0.2711,71
retrieval,tool,0.1252,0.5026,1.0,1.0,-0.3774,75
retrieval,reasoning,0.1208,0.5152,0.9695,0.8684,-0.4956,76
write,tool,0.1264,0.6535,1.0,1.0,-0.527,48
reasoning,tool,0.1239,0.9333,1.0,1.0,-0.8095,175
write,reasoning,0.1209,0.6923,1.0,0.5932,-0.9782,59
