workflow,label,complexity,stress,actual,topology_model,independence_baseline
linear,Linear claim review,0,0.15,0.845,0.9029,0.7743
linear,Linear claim review,0,0.6,0.775,0.8554,0.5943
linear,Linear claim review,0,0.95,0.6687,0.7366,0.4643
linear,Linear claim review,1,0.15,0.785,0.842,0.6642
linear,Linear claim review,1,0.6,0.6787,0.7594,0.5273
linear,Linear claim review,1,0.95,0.5962,0.6837,0.37
linear,Linear claim review,2,0.15,0.7125,0.7937,0.5894
linear,Linear claim review,2,0.6,0.5938,0.7106,0.4303
linear,Linear claim review,2,0.95,0.5112,0.6429,0.3202
branch,Branch-and-merge review,0,0.15,0.8425,0.8877,0.7345
branch,Branch-and-merge review,0,0.6,0.74,0.8371,0.5466
branch,Branch-and-merge review,0,0.95,0.6725,0.7194,0.4077
branch,Branch-and-merge review,1,0.15,0.7875,0.8094,0.6056
branch,Branch-and-merge review,1,0.6,0.7163,0.7214,0.4672
branch,Branch-and-merge review,1,0.95,0.6512,0.6349,0.3119
branch,Branch-and-merge review,2,0.15,0.7063,0.7403,0.5305
branch,Branch-and-merge review,2,0.6,0.5988,0.652,0.3664
branch,Branch-and-merge review,2,0.95,0.5737,0.5597,0.2645
recoverable,Recovery-aware review,0,0.15,0.9225,0.916,0.8162
recoverable,Recovery-aware review,0,0.6,0.8688,0.866,0.6462
recoverable,Recovery-aware review,0,0.95,0.8087,0.7657,0.5289
recoverable,Recovery-aware review,1,0.15,0.885,0.856,0.7285
recoverable,Recovery-aware review,1,0.6,0.8187,0.7906,0.595
recoverable,Recovery-aware review,1,0.95,0.7675,0.696,0.439
recoverable,Recovery-aware review,2,0.15,0.8225,0.8211,0.6547
recoverable,Recovery-aware review,2,0.6,0.7775,0.7249,0.5055
recoverable,Recovery-aware review,2,0.95,0.6837,0.6471,0.3877
long_horizon,Long-horizon renewal review,0,0.15,0.8675,0.87,0.6505
long_horizon,Long-horizon renewal review,0,0.6,0.7712,0.7929,0.4008
long_horizon,Long-horizon renewal review,0,0.95,0.6538,0.6434,0.2658
long_horizon,Long-horizon renewal review,1,0.15,0.805,0.7837,0.5136
long_horizon,Long-horizon renewal review,1,0.6,0.715,0.6674,0.3445
long_horizon,Long-horizon renewal review,1,0.95,0.615,0.5757,0.1824
long_horizon,Long-horizon renewal review,2,0.15,0.7063,0.7051,0.4186
long_horizon,Long-horizon renewal review,2,0.6,0.5975,0.6209,0.2428
long_horizon,Long-horizon renewal review,2,0.95,0.5437,0.5031,0.1427
